Class,Folder,Path
female_sad,RAVDESS,03-01-04-01-01-01-02.wav
female_sad,RAVDESS,03-01-04-02-02-02-02.wav
female_sad,RAVDESS,03-01-04-02-01-01-02.wav
female_sad,RAVDESS,03-01-04-01-01-02-02.wav
female_sad,RAVDESS,03-01-04-01-02-01-02.wav
female_sad,RAVDESS,03-01-04-02-02-01-02.wav
female_sad,RAVDESS,03-01-04-02-01-02-02.wav
female_sad,RAVDESS,03-01-04-01-02-02-02.wav
female_sad,RAVDESS,03-01-04-02-02-01-04.wav
female_sad,RAVDESS,03-01-04-01-01-01-04.wav
female_sad,RAVDESS,03-01-04-01-02-02-04.wav
female_sad,RAVDESS,03-01-04-01-02-01-04.wav
female_sad,RAVDESS,03-01-04-02-01-02-04.wav
female_sad,RAVDESS,03-01-04-01-01-02-04.wav
female_sad,RAVDESS,03-01-04-02-02-02-04.wav
female_sad,RAVDESS,03-01-04-02-01-01-04.wav
female_sad,RAVDESS,03-01-04-02-02-01-06.wav
female_sad,RAVDESS,03-01-04-01-02-02-06.wav
female_sad,RAVDESS,03-01-04-02-01-01-06.wav
female_sad,RAVDESS,03-01-04-01-01-02-06.wav
female_sad,RAVDESS,03-01-04-02-02-02-06.wav
female_sad,RAVDESS,03-01-04-01-02-01-06.wav
female_sad,RAVDESS,03-01-04-02-01-02-06.wav
female_sad,RAVDESS,03-01-04-01-01-01-06.wav
female_sad,RAVDESS,03-01-04-01-01-02-08.wav
female_sad,RAVDESS,03-01-04-02-01-02-08.wav
female_sad,RAVDESS,03-01-04-01-01-01-08.wav
female_sad,RAVDESS,03-01-04-02-02-02-08.wav
female_sad,RAVDESS,03-01-04-02-02-01-08.wav
female_sad,RAVDESS,03-01-04-01-02-01-08.wav
female_sad,RAVDESS,03-01-04-02-01-01-08.wav
female_sad,RAVDESS,03-01-04-01-02-02-08.wav
female_sad,RAVDESS,03-01-04-01-02-01-10.wav
female_sad,RAVDESS,03-01-04-01-01-01-10.wav
female_sad,RAVDESS,03-01-04-02-02-02-10.wav
female_sad,RAVDESS,03-01-04-01-01-02-10.wav
female_sad,RAVDESS,03-01-04-02-01-01-10.wav
female_sad,RAVDESS,03-01-04-02-02-01-10.wav
female_sad,RAVDESS,03-01-04-01-02-02-10.wav
female_sad,RAVDESS,03-01-04-02-01-02-10.wav
female_sad,RAVDESS,03-01-04-02-01-01-12.wav
female_sad,RAVDESS,03-01-04-01-01-01-12.wav
female_sad,RAVDESS,03-01-04-01-01-02-12.wav
female_sad,RAVDESS,03-01-04-01-02-01-12.wav
female_sad,RAVDESS,03-01-04-02-02-01-12.wav
female_sad,RAVDESS,03-01-04-02-02-02-12.wav
female_sad,RAVDESS,03-01-04-02-01-02-12.wav
female_sad,RAVDESS,03-01-04-01-02-02-12.wav
female_sad,RAVDESS,03-01-04-02-02-02-14.wav
female_sad,RAVDESS,03-01-04-01-01-01-14.wav
female_sad,RAVDESS,03-01-04-01-01-02-14.wav
female_sad,RAVDESS,03-01-04-02-01-02-14.wav
female_sad,RAVDESS,03-01-04-01-02-02-14.wav
female_sad,RAVDESS,03-01-04-02-01-01-14.wav
female_sad,RAVDESS,03-01-04-02-02-01-14.wav
female_sad,RAVDESS,03-01-04-01-02-01-14.wav
female_sad,RAVDESS,03-01-04-01-01-01-16.wav
female_sad,RAVDESS,03-01-04-02-01-01-16.wav
female_sad,RAVDESS,03-01-04-02-02-01-16.wav
female_sad,RAVDESS,03-01-04-01-02-01-16.wav
female_sad,RAVDESS,03-01-04-02-02-02-16.wav
female_sad,RAVDESS,03-01-04-02-01-02-16.wav
female_sad,RAVDESS,03-01-04-01-01-02-16.wav
female_sad,RAVDESS,03-01-04-01-02-02-16.wav
female_sad,RAVDESS,03-01-04-01-02-01-18.wav
female_sad,RAVDESS,03-01-04-02-02-02-18.wav
female_sad,RAVDESS,03-01-04-01-01-02-18.wav
female_sad,RAVDESS,03-01-04-01-01-01-18.wav
female_sad,RAVDESS,03-01-04-02-01-02-18.wav
female_sad,RAVDESS,03-01-04-02-01-01-18.wav
female_sad,RAVDESS,03-01-04-02-02-01-18.wav
female_sad,RAVDESS,03-01-04-01-02-02-18.wav
female_sad,RAVDESS,03-01-04-01-02-02-20.wav
female_sad,RAVDESS,03-01-04-01-01-01-20.wav
female_sad,RAVDESS,03-01-04-01-02-01-20.wav
female_sad,RAVDESS,03-01-04-02-01-02-20.wav
female_sad,RAVDESS,03-01-04-02-01-01-20.wav
female_sad,RAVDESS,03-01-04-02-02-01-20.wav
female_sad,RAVDESS,03-01-04-02-02-02-20.wav
female_sad,RAVDESS,03-01-04-01-01-02-20.wav
female_sad,RAVDESS,03-01-04-02-02-01-22.wav
female_sad,RAVDESS,03-01-04-01-01-01-22.wav
female_sad,RAVDESS,03-01-04-02-01-01-22.wav
female_sad,RAVDESS,03-01-04-01-02-02-22.wav
female_sad,RAVDESS,03-01-04-01-02-01-22.wav
female_sad,RAVDESS,03-01-04-02-01-02-22.wav
female_sad,RAVDESS,03-01-04-01-01-02-22.wav
female_sad,RAVDESS,03-01-04-02-02-02-22.wav
female_sad,RAVDESS,03-01-04-01-01-02-24.wav
female_sad,RAVDESS,03-01-04-02-01-02-24.wav
female_sad,RAVDESS,03-01-04-02-02-01-24.wav
female_sad,RAVDESS,03-01-04-02-02-02-24.wav
female_sad,RAVDESS,03-01-04-01-01-01-24.wav
female_sad,RAVDESS,03-01-04-01-02-02-24.wav
female_sad,RAVDESS,03-01-04-01-02-01-24.wav
female_sad,RAVDESS,03-01-04-02-01-01-24.wav
female_sad,TESS,OAF_sail_sad.wav
female_sad,TESS,OAF_chain_sad.wav
female_sad,TESS,OAF_pole_sad.wav
female_sad,TESS,OAF_hole_sad.wav
female_sad,TESS,OAF_dead_sad.wav
female_sad,TESS,OAF_sell_sad.wav
female_sad,TESS,OAF_germ_sad.wav
female_sad,TESS,OAF_back_sad.wav
female_sad,TESS,OAF_hurl_sad.wav
female_sad,TESS,OAF_came_sad.wav
female_sad,TESS,OAF_loaf_sad.wav
female_sad,TESS,OAF_haze_sad.wav
female_sad,TESS,OAF_kite_sad.wav
female_sad,TESS,OAF_soap_sad.wav
female_sad,TESS,OAF_thin_sad.wav
female_sad,TESS,OAF_bath_sad.wav
female_sad,TESS,OAF_reach_sad.wav
female_sad,TESS,OAF_bean_sad.wav
female_sad,TESS,OAF_shawl_sad.wav
female_sad,TESS,OAF_red_sad.wav
female_sad,TESS,OAF_raise_sad.wav
female_sad,TESS,OAF_base_sad.wav
female_sad,TESS,OAF_puff_sad.wav
female_sad,TESS,OAF_lean_sad.wav
female_sad,TESS,OAF_hash_sad.wav
female_sad,TESS,OAF_moon_sad.wav
female_sad,TESS,OAF_thought_sad.wav
female_sad,TESS,OAF_perch_sad.wav
female_sad,TESS,OAF_when_sad.wav
female_sad,TESS,OAF_rag_sad.wav
female_sad,TESS,OAF_goose_sad.wav
female_sad,TESS,OAF_chair_sad.wav
female_sad,TESS,OAF_fall_sad.wav
female_sad,TESS,OAF_should_sad.wav
female_sad,TESS,OAF_mob_sad.wav
female_sad,TESS,OAF_luck_sad.wav
female_sad,TESS,OAF_keen_sad.wav
female_sad,TESS,OAF_deep_sad.wav
female_sad,TESS,OAF_pearl_sad.wav
female_sad,TESS,OAF_pike_sad.wav
female_sad,TESS,OAF_match_sad.wav
female_sad,TESS,OAF_bought_sad.wav
female_sad,TESS,OAF_shout_sad.wav
female_sad,TESS,OAF_cause_sad.wav
female_sad,TESS,OAF_such_sad.wav
female_sad,TESS,OAF_tough_sad.wav
female_sad,TESS,OAF_lease_sad.wav
female_sad,TESS,OAF_voice_sad.wav
female_sad,TESS,OAF_thumb_sad.wav
female_sad,TESS,OAF_bite_sad.wav
female_sad,TESS,OAF_note_sad.wav
female_sad,TESS,OAF_five_sad.wav
female_sad,TESS,OAF_boat_sad.wav
female_sad,TESS,OAF_neat_sad.wav
female_sad,TESS,OAF_kick_sad.wav
female_sad,TESS,OAF_late_sad.wav
female_sad,TESS,OAF_ring_sad.wav
female_sad,TESS,OAF_mop_sad.wav
female_sad,TESS,OAF_food_sad.wav
female_sad,TESS,OAF_wire_sad.wav
female_sad,TESS,OAF_nag_sad.wav
female_sad,TESS,OAF_tip_sad.wav
female_sad,TESS,OAF_soup_sad.wav
female_sad,TESS,OAF_doll_sad.wav
female_sad,TESS,OAF_youth_sad.wav
female_sad,TESS,OAF_road_sad.wav
female_sad,TESS,OAF_mode_sad.wav
female_sad,TESS,OAF_turn_sad.wav
female_sad,TESS,OAF_jug_sad.wav
female_sad,TESS,OAF_join_sad.wav
female_sad,TESS,OAF_time_sad.wav
female_sad,TESS,OAF_ripe_sad.wav
female_sad,TESS,OAF_pain_sad.wav
female_sad,TESS,OAF_laud_sad.wav
female_sad,TESS,OAF_raid_sad.wav
female_sad,TESS,OAF_life_sad.wav
female_sad,TESS,OAF_far_sad.wav
female_sad,TESS,OAF_gun_sad.wav
female_sad,TESS,OAF_search_sad.wav
female_sad,TESS,OAF_mill_sad.wav
female_sad,TESS,OAF_keep_sad.wav
female_sad,TESS,OAF_long_sad.wav
female_sad,TESS,OAF_fail_sad.wav
female_sad,TESS,OAF_rush_sad.wav
female_sad,TESS,OAF_sheep_sad.wav
female_sad,TESS,OAF_yearn_sad.wav
female_sad,TESS,OAF_take_sad.wav
female_sad,TESS,OAF_sour_sad.wav
female_sad,TESS,OAF_vine_sad.wav
female_sad,TESS,OAF_pass_sad.wav
female_sad,TESS,OAF_gap_sad.wav
female_sad,TESS,OAF_rot_sad.wav
female_sad,TESS,OAF_ton_sad.wav
female_sad,TESS,OAF_get_sad.wav
female_sad,TESS,OAF_sub_sad.wav
female_sad,TESS,OAF_bone_sad.wav
female_sad,TESS,OAF_read_sad.wav
female_sad,TESS,OAF_rough_sad.wav
female_sad,TESS,OAF_size_sad.wav
female_sad,TESS,OAF_kill_sad.wav
female_sad,TESS,OAF_tape_sad.wav
female_sad,TESS,OAF_merge_sad.wav
female_sad,TESS,OAF_pool_sad.wav
female_sad,TESS,OAF_chalk_sad.wav
female_sad,TESS,OAF_learn_sad.wav
female_sad,TESS,OAF_hush_sad.wav
female_sad,TESS,OAF_book_sad.wav
female_sad,TESS,OAF_mouse_sad.wav
female_sad,TESS,OAF_vote_sad.wav
female_sad,TESS,OAF_dodge_sad.wav
female_sad,TESS,OAF_third_sad.wav
female_sad,TESS,OAF_name_sad.wav
female_sad,TESS,OAF_tire_sad.wav
female_sad,TESS,OAF_choice_sad.wav
female_sad,TESS,OAF_fit_sad.wav
female_sad,TESS,OAF_page_sad.wav
female_sad,TESS,OAF_mood_sad.wav
female_sad,TESS,OAF_beg_sad.wav
female_sad,TESS,OAF_pick_sad.wav
female_sad,TESS,OAF_whip_sad.wav
female_sad,TESS,OAF_near_sad.wav
female_sad,TESS,OAF_said_sad.wav
female_sad,TESS,OAF_wag_sad.wav
female_sad,TESS,OAF_dab_sad.wav
female_sad,TESS,OAF_fat_sad.wav
female_sad,TESS,OAF_home_sad.wav
female_sad,TESS,OAF_ditch_sad.wav
female_sad,TESS,OAF_love_sad.wav
female_sad,TESS,OAF_nice_sad.wav
female_sad,TESS,OAF_half_sad.wav
female_sad,TESS,OAF_dip_sad.wav
female_sad,TESS,OAF_king_sad.wav
female_sad,TESS,OAF_room_sad.wav
female_sad,TESS,OAF_seize_sad.wav
female_sad,TESS,OAF_cool_sad.wav
female_sad,TESS,OAF_burn_sad.wav
female_sad,TESS,OAF_cheek_sad.wav
female_sad,TESS,OAF_jar_sad.wav
female_sad,TESS,OAF_date_sad.wav
female_sad,TESS,OAF_good_sad.wav
female_sad,TESS,OAF_which_sad.wav
female_sad,TESS,OAF_team_sad.wav
female_sad,TESS,OAF_wash_sad.wav
female_sad,TESS,OAF_chat_sad.wav
female_sad,TESS,OAF_walk_sad.wav
female_sad,TESS,OAF_hit_sad.wav
female_sad,TESS,OAF_lore_sad.wav
female_sad,TESS,OAF_limb_sad.wav
female_sad,TESS,OAF_chief_sad.wav
female_sad,TESS,OAF_rain_sad.wav
female_sad,TESS,OAF_tool_sad.wav
female_sad,TESS,OAF_cab_sad.wav
female_sad,TESS,OAF_tell_sad.wav
female_sad,TESS,OAF_week_sad.wav
female_sad,TESS,OAF_lot_sad.wav
female_sad,TESS,OAF_met_sad.wav
female_sad,TESS,OAF_lid_sad.wav
female_sad,TESS,OAF_talk_sad.wav
female_sad,TESS,OAF_wife_sad.wav
female_sad,TESS,OAF_gin_sad.wav
female_sad,TESS,OAF_wheat_sad.wav
female_sad,TESS,OAF_judge_sad.wav
female_sad,TESS,OAF_goal_sad.wav
female_sad,TESS,OAF_rose_sad.wav
female_sad,TESS,OAF_witch_sad.wav
female_sad,TESS,OAF_shall_sad.wav
female_sad,TESS,OAF_white_sad.wav
female_sad,TESS,OAF_death_sad.wav
female_sad,TESS,OAF_knock_sad.wav
female_sad,TESS,OAF_void_sad.wav
female_sad,TESS,OAF_have_sad.wav
female_sad,TESS,OAF_calm_sad.wav
female_sad,TESS,OAF_shirt_sad.wav
female_sad,TESS,OAF_dog_sad.wav
female_sad,TESS,OAF_mess_sad.wav
female_sad,TESS,OAF_door_sad.wav
female_sad,TESS,OAF_gas_sad.wav
female_sad,TESS,OAF_juice_sad.wav
female_sad,TESS,OAF_check_sad.wav
female_sad,TESS,OAF_gaze_sad.wav
female_sad,TESS,OAF_jail_sad.wav
female_sad,TESS,OAF_phone_sad.wav
female_sad,TESS,OAF_hate_sad.wav
female_sad,TESS,OAF_peg_sad.wav
female_sad,TESS,OAF_keg_sad.wav
female_sad,TESS,OAF_dime_sad.wav
female_sad,TESS,OAF_south_sad.wav
female_sad,TESS,OAF_rat_sad.wav
female_sad,TESS,OAF_pad_sad.wav
female_sad,TESS,OAF_yes_sad.wav
female_sad,TESS,OAF_young_sad.wav
female_sad,TESS,OAF_make_sad.wav
female_sad,TESS,OAF_hall_sad.wav
female_sad,TESS,OAF_lose_sad.wav
female_sad,TESS,OAF_live_sad.wav
female_sad,TESS,OAF_hire_sad.wav
female_sad,TESS,OAF_numb_sad.wav
female_sad,TESS,OAF_sure_sad.wav
female_sad,TESS,OAF_shack_sad.wav
female_sad,TESS,OAF_bar_sad.wav
female_sad,TESS,YAF_hate_sad.wav
female_sad,TESS,YAF_rat_sad.wav
female_sad,TESS,YAF_neat_sad.wav
female_sad,TESS,YAF_thumb_sad.wav
female_sad,TESS,YAF_bone_sad.wav
female_sad,TESS,YAF_sheep_sad.wav
female_sad,TESS,YAF_week_sad.wav
female_sad,TESS,YAF_dime_sad.wav
female_sad,TESS,YAF_cheek_sad.wav
female_sad,TESS,YAF_mode_sad.wav
female_sad,TESS,YAF_rag_sad.wav
female_sad,TESS,YAF_sub_sad.wav
female_sad,TESS,YAF_rot_sad.wav
female_sad,TESS,YAF_pad_sad.wav
female_sad,TESS,YAF_lean_sad.wav
female_sad,TESS,YAF_get_sad.wav
female_sad,TESS,YAF_check_sad.wav
female_sad,TESS,YAF_jar_sad.wav
female_sad,TESS,YAF_lore_sad.wav
female_sad,TESS,YAF_back_sad.wav
female_sad,TESS,YAF_kick_sad.wav
female_sad,TESS,YAF_dab_sad.wav
female_sad,TESS,YAF_hole_sad.wav
female_sad,TESS,YAF_tool_sad.wav
female_sad,TESS,YAF_long_sad.wav
female_sad,TESS,YAF_sell_sad.wav
female_sad,TESS,YAF_pain_sad.wav
female_sad,TESS,YAF_moon_sad.wav
female_sad,TESS,YAF_goal_sad.wav
female_sad,TESS,YAF_met_sad.wav
female_sad,TESS,YAF_half_sad.wav
female_sad,TESS,YAF_raid_sad.wav
female_sad,TESS,YAF_white_sad.wav
female_sad,TESS,YAF_thought_sad.wav
female_sad,TESS,YAF_ditch_sad.wav
female_sad,TESS,YAF_thin_sad.wav
female_sad,TESS,YAF_third_sad.wav
female_sad,TESS,YAF_pearl_sad.wav
female_sad,TESS,YAF_kill_sad.wav
female_sad,TESS,YAF_cool_sad.wav
female_sad,TESS,YAF_learn_sad.wav
female_sad,TESS,YAF_late_sad.wav
female_sad,TESS,YAF_mill_sad.wav
female_sad,TESS,YAF_sure_sad.wav
female_sad,TESS,YAF_mouse_sad.wav
female_sad,TESS,YAF_cab_sad.wav
female_sad,TESS,YAF_when_sad.wav
female_sad,TESS,YAF_soap_sad.wav
female_sad,TESS,YAF_deep_sad.wav
female_sad,TESS,YAF_king_sad.wav
female_sad,TESS,YAF_tell_sad.wav
female_sad,TESS,YAF_south_sad.wav
female_sad,TESS,YAF_doll_sad.wav
female_sad,TESS,YAF_gaze_sad.wav
female_sad,TESS,YAF_jail_sad.wav
female_sad,TESS,YAF_keg_sad.wav
female_sad,TESS,YAF_ring_sad.wav
female_sad,TESS,YAF_judge_sad.wav
female_sad,TESS,YAF_hall_sad.wav
female_sad,TESS,YAF_lid_sad.wav
female_sad,TESS,YAF_keep_sad.wav
female_sad,TESS,YAF_make_sad.wav
female_sad,TESS,YAF_ton_sad.wav
female_sad,TESS,YAF_such_sad.wav
female_sad,TESS,YAF_luck_sad.wav
female_sad,TESS,YAF_dodge_sad.wav
female_sad,TESS,YAF_boat_sad.wav
female_sad,TESS,YAF_mess_sad.wav
female_sad,TESS,YAF_wire_sad.wav
female_sad,TESS,YAF_book_sad.wav
female_sad,TESS,YAF_food_sad.wav
female_sad,TESS,YAF_knock_sad.wav
female_sad,TESS,YAF_turn_sad.wav
female_sad,TESS,YAF_five_sad.wav
female_sad,TESS,YAF_witch_sad.wav
female_sad,TESS,YAF_shirt_sad.wav
female_sad,TESS,YAF_pool_sad.wav
female_sad,TESS,YAF_dead_sad.wav
female_sad,TESS,YAF_yearn_sad.wav
female_sad,TESS,YAF_juice_sad.wav
female_sad,TESS,YAF_youth_sad.wav
female_sad,TESS,YAF_burn_sad.wav
female_sad,TESS,YAF_lose_sad.wav
female_sad,TESS,YAF_far_sad.wav
female_sad,TESS,YAF_gin_sad.wav
female_sad,TESS,YAF_rush_sad.wav
female_sad,TESS,YAF_bath_sad.wav
female_sad,TESS,YAF_loaf_sad.wav
female_sad,TESS,YAF_dog_sad.wav
female_sad,TESS,YAF_talk_sad.wav
female_sad,TESS,YAF_jug_sad.wav
female_sad,TESS,YAF_mop_sad.wav
female_sad,TESS,YAF_good_sad.wav
female_sad,TESS,YAF_note_sad.wav
female_sad,TESS,YAF_hash_sad.wav
female_sad,TESS,YAF_page_sad.wav
female_sad,TESS,YAF_near_sad.wav
female_sad,TESS,YAF_fail_sad.wav
female_sad,TESS,YAF_home_sad.wav
female_sad,TESS,YAF_fall_sad.wav
female_sad,TESS,YAF_vote_sad.wav
female_sad,TESS,YAF_rough_sad.wav
female_sad,TESS,YAF_time_sad.wav
female_sad,TESS,YAF_said_sad.wav
female_sad,TESS,YAF_mob_sad.wav
female_sad,TESS,YAF_gas_sad.wav
female_sad,TESS,YAF_sour_sad.wav
female_sad,TESS,YAF_should_sad.wav
female_sad,TESS,YAF_read_sad.wav
female_sad,TESS,YAF_seize_sad.wav
female_sad,TESS,YAF_lease_sad.wav
female_sad,TESS,YAF_void_sad.wav
female_sad,TESS,YAF_mood_sad.wav
female_sad,TESS,YAF_gun_sad.wav
female_sad,TESS,YAF_haze_sad.wav
female_sad,TESS,YAF_nice_sad.wav
female_sad,TESS,YAF_life_sad.wav
female_sad,TESS,YAF_chat_sad.wav
female_sad,TESS,YAF_rose_sad.wav
female_sad,TESS,YAF_fit_sad.wav
female_sad,TESS,YAF_shack_sad.wav
female_sad,TESS,YAF_pass_sad.wav
female_sad,TESS,YAF_size_sad.wav
female_sad,TESS,YAF_bite_sad.wav
female_sad,TESS,YAF_limb_sad.wav
female_sad,TESS,YAF_perch_sad.wav
female_sad,TESS,YAF_which_sad.wav
female_sad,TESS,YAF_phone_sad.wav
female_sad,TESS,YAF_ripe_sad.wav
female_sad,TESS,YAF_chief_sad.wav
female_sad,TESS,YAF_shall_sad.wav
female_sad,TESS,YAF_team_sad.wav
female_sad,TESS,YAF_raise_sad.wav
female_sad,TESS,YAF_voice_sad.wav
female_sad,TESS,YAF_shout_sad.wav
female_sad,TESS,YAF_hurl_sad.wav
female_sad,TESS,YAF_wag_sad.wav
female_sad,TESS,YAF_sail_sad.wav
female_sad,TESS,YAF_keen_sad.wav
female_sad,TESS,YAF_tough_sad.wav
female_sad,TESS,YAF_rain_sad.wav
female_sad,TESS,YAF_name_sad.wav
female_sad,TESS,YAF_wheat_sad.wav
female_sad,TESS,YAF_door_sad.wav
female_sad,TESS,YAF_tape_sad.wav
female_sad,TESS,YAF_road_sad.wav
female_sad,TESS,YAF_shawl_sad.wav
female_sad,TESS,YAF_hit_sad.wav
female_sad,TESS,YAF_whip_sad.wav
female_sad,TESS,YAF_beg_sad.wav
female_sad,TESS,YAF_red_sad.wav
female_sad,TESS,YAF_dip_sad.wav
female_sad,TESS,YAF_wife_sad.wav
female_sad,TESS,YAF_pick_sad.wav
female_sad,TESS,YAF_laud_sad.wav
female_sad,TESS,YAF_reach_sad.wav
female_sad,TESS,YAF_have_sad.wav
female_sad,TESS,YAF_kite_sad.wav
female_sad,TESS,YAF_pike_sad.wav
female_sad,TESS,YAF_germ_sad.wav
female_sad,TESS,YAF_numb_sad.wav
female_sad,TESS,YAF_lot_sad.wav
female_sad,TESS,YAF_fat_sad.wav
female_sad,TESS,YAF_merge_sad.wav
female_sad,TESS,YAF_join_sad.wav
female_sad,TESS,YAF_take_sad.wav
female_sad,TESS,YAF_chain_sad.wav
female_sad,TESS,YAF_search_sad.wav
female_sad,TESS,YAF_wash_sad.wav
female_sad,TESS,YAF_pole_sad.wav
female_sad,TESS,YAF_tip_sad.wav
female_sad,TESS,YAF_nag_sad.wav
female_sad,TESS,YAF_peg_sad.wav
female_sad,TESS,YAF_tire_sad.wav
female_sad,TESS,YAF_cause_sad.wav
female_sad,TESS,YAF_walk_sad.wav
female_sad,TESS,YAF_vine_sad.wav
female_sad,TESS,YAF_bean_sad.wav
female_sad,TESS,YAF_puff_sad.wav
female_sad,TESS,YAF_chalk_sad.wav
female_sad,TESS,YAF_date_sad.wav
female_sad,TESS,YAF_chair_sad.wav
female_sad,TESS,YAF_gap_sad.wav
female_sad,TESS,YAF_hire_sad.wav
female_sad,TESS,YAF_yes_sad.wav
female_sad,TESS,YAF_room_sad.wav
female_sad,TESS,YAF_love_sad.wav
female_sad,TESS,YAF_soup_sad.wav
female_sad,TESS,YAF_came_sad.wav
female_sad,TESS,YAF_match_sad.wav
female_sad,TESS,YAF_bought_sad.wav
female_sad,TESS,YAF_calm_sad.wav
female_sad,TESS,YAF_choice_sad.wav
female_sad,TESS,YAF_live_sad.wav
female_sad,TESS,YAF_death_sad.wav
female_sad,TESS,YAF_bar_sad.wav
female_sad,TESS,YAF_base_sad.wav
female_sad,TESS,YAF_hush_sad.wav
female_sad,TESS,YAF_young_sad.wav
female_sad,TESS,YAF_goose_sad.wav
female_sad,CREMA,1002_DFA_SAD_XX.wav
female_sad,CREMA,1002_IEO_SAD_HI.wav
female_sad,CREMA,1002_IEO_SAD_LO.wav
female_sad,CREMA,1002_IEO_SAD_MD.wav
female_sad,CREMA,1002_IOM_SAD_XX.wav
female_sad,CREMA,1002_ITH_SAD_XX.wav
female_sad,CREMA,1002_ITS_SAD_XX.wav
female_sad,CREMA,1002_IWL_SAD_XX.wav
female_sad,CREMA,1002_IWW_SAD_XX.wav
female_sad,CREMA,1002_MTI_SAD_XX.wav
female_sad,CREMA,1002_TAI_SAD_XX.wav
female_sad,CREMA,1002_TIE_SAD_XX.wav
female_sad,CREMA,1002_TSI_SAD_XX.wav
female_sad,CREMA,1002_WSI_SAD_XX.wav
female_sad,CREMA,1003_DFA_SAD_XX.wav
female_sad,CREMA,1003_IEO_SAD_HI.wav
female_sad,CREMA,1003_IEO_SAD_LO.wav
female_sad,CREMA,1003_IEO_SAD_MD.wav
female_sad,CREMA,1003_IOM_SAD_XX.wav
female_sad,CREMA,1003_ITH_SAD_XX.wav
female_sad,CREMA,1003_ITS_SAD_XX.wav
female_sad,CREMA,1003_IWL_SAD_XX.wav
female_sad,CREMA,1003_IWW_SAD_XX.wav
female_sad,CREMA,1003_MTI_SAD_XX.wav
female_sad,CREMA,1003_TAI_SAD_XX.wav
female_sad,CREMA,1003_TIE_SAD_XX.wav
female_sad,CREMA,1003_TSI_SAD_XX.wav
female_sad,CREMA,1003_WSI_SAD_XX.wav
female_sad,CREMA,1004_DFA_SAD_XX.wav
female_sad,CREMA,1004_IEO_SAD_HI.wav
female_sad,CREMA,1004_IEO_SAD_LO.wav
female_sad,CREMA,1004_IEO_SAD_MD.wav
female_sad,CREMA,1004_IOM_SAD_XX.wav
female_sad,CREMA,1004_ITH_SAD_XX.wav
female_sad,CREMA,1004_ITS_SAD_XX.wav
female_sad,CREMA,1004_IWL_SAD_XX.wav
female_sad,CREMA,1004_IWW_SAD_XX.wav
female_sad,CREMA,1004_MTI_SAD_XX.wav
female_sad,CREMA,1004_TAI_SAD_XX.wav
female_sad,CREMA,1004_TIE_SAD_XX.wav
female_sad,CREMA,1004_TSI_SAD_XX.wav
female_sad,CREMA,1004_WSI_SAD_XX.wav
female_sad,CREMA,1006_DFA_SAD_XX.wav
female_sad,CREMA,1006_IEO_SAD_HI.wav
female_sad,CREMA,1006_IEO_SAD_LO.wav
female_sad,CREMA,1006_IEO_SAD_MD.wav
female_sad,CREMA,1006_IOM_SAD_XX.wav
female_sad,CREMA,1006_ITH_SAD_XX.wav
female_sad,CREMA,1006_ITS_SAD_XX.wav
female_sad,CREMA,1006_IWL_SAD_XX.wav
female_sad,CREMA,1006_IWW_SAD_XX.wav
female_sad,CREMA,1006_MTI_SAD_XX.wav
female_sad,CREMA,1006_TAI_SAD_XX.wav
female_sad,CREMA,1006_TIE_SAD_XX.wav
female_sad,CREMA,1006_TSI_SAD_XX.wav
female_sad,CREMA,1006_WSI_SAD_XX.wav
female_sad,CREMA,1007_DFA_SAD_XX.wav
female_sad,CREMA,1007_IEO_SAD_HI.wav
female_sad,CREMA,1007_IEO_SAD_LO.wav
female_sad,CREMA,1007_IEO_SAD_MD.wav
female_sad,CREMA,1007_IOM_SAD_XX.wav
female_sad,CREMA,1007_ITH_SAD_XX.wav
female_sad,CREMA,1007_ITS_SAD_XX.wav
female_sad,CREMA,1007_IWL_SAD_XX.wav
female_sad,CREMA,1007_IWW_SAD_XX.wav
female_sad,CREMA,1007_MTI_SAD_XX.wav
female_sad,CREMA,1007_TAI_SAD_XX.wav
female_sad,CREMA,1007_TIE_SAD_XX.wav
female_sad,CREMA,1007_TSI_SAD_XX.wav
female_sad,CREMA,1007_WSI_SAD_XX.wav
female_sad,CREMA,1008_DFA_SAD_XX.wav
female_sad,CREMA,1008_IEO_SAD_HI.wav
female_sad,CREMA,1008_IEO_SAD_LO.wav
female_sad,CREMA,1008_IEO_SAD_MD.wav
female_sad,CREMA,1008_IOM_SAD_XX.wav
female_sad,CREMA,1008_ITH_SAD_XX.wav
female_sad,CREMA,1008_ITS_SAD_XX.wav
female_sad,CREMA,1008_IWL_SAD_XX.wav
female_sad,CREMA,1008_IWW_SAD_XX.wav
female_sad,CREMA,1008_MTI_SAD_XX.wav
female_sad,CREMA,1008_TAI_SAD_XX.wav
female_sad,CREMA,1008_TIE_SAD_XX.wav
female_sad,CREMA,1008_TSI_SAD_XX.wav
female_sad,CREMA,1009_DFA_SAD_XX.wav
female_sad,CREMA,1009_IEO_SAD_HI.wav
female_sad,CREMA,1009_IEO_SAD_LO.wav
female_sad,CREMA,1009_IEO_SAD_MD.wav
female_sad,CREMA,1009_IOM_SAD_XX.wav
female_sad,CREMA,1009_ITH_SAD_XX.wav
female_sad,CREMA,1009_ITS_SAD_XX.wav
female_sad,CREMA,1009_IWL_SAD_XX.wav
female_sad,CREMA,1009_IWW_SAD_XX.wav
female_sad,CREMA,1009_TAI_SAD_XX.wav
female_sad,CREMA,1009_TIE_SAD_XX.wav
female_sad,CREMA,1009_TSI_SAD_XX.wav
female_sad,CREMA,1009_WSI_SAD_XX.wav
female_sad,CREMA,1010_DFA_SAD_XX.wav
female_sad,CREMA,1010_IEO_SAD_HI.wav
female_sad,CREMA,1010_IEO_SAD_LO.wav
female_sad,CREMA,1010_IEO_SAD_MD.wav
female_sad,CREMA,1010_IOM_SAD_XX.wav
female_sad,CREMA,1010_ITH_SAD_XX.wav
female_sad,CREMA,1010_ITS_SAD_XX.wav
female_sad,CREMA,1010_IWL_SAD_XX.wav
female_sad,CREMA,1010_IWW_SAD_XX.wav
female_sad,CREMA,1010_MTI_SAD_XX.wav
female_sad,CREMA,1010_TAI_SAD_XX.wav
female_sad,CREMA,1010_TIE_SAD_XX.wav
female_sad,CREMA,1010_TSI_SAD_XX.wav
female_sad,CREMA,1010_WSI_SAD_XX.wav
female_sad,CREMA,1012_DFA_SAD_XX.wav
female_sad,CREMA,1012_IEO_SAD_HI.wav
female_sad,CREMA,1012_IEO_SAD_LO.wav
female_sad,CREMA,1012_IEO_SAD_MD.wav
female_sad,CREMA,1012_IOM_SAD_XX.wav
female_sad,CREMA,1012_ITH_SAD_XX.wav
female_sad,CREMA,1012_ITS_SAD_XX.wav
female_sad,CREMA,1012_IWL_SAD_XX.wav
female_sad,CREMA,1012_IWW_SAD_XX.wav
female_sad,CREMA,1012_MTI_SAD_XX.wav
female_sad,CREMA,1012_TAI_SAD_XX.wav
female_sad,CREMA,1012_TIE_SAD_XX.wav
female_sad,CREMA,1012_TSI_SAD_XX.wav
female_sad,CREMA,1012_WSI_SAD_XX.wav
female_sad,CREMA,1013_DFA_SAD_XX.wav
female_sad,CREMA,1013_IEO_SAD_HI.wav
female_sad,CREMA,1013_IEO_SAD_LO.wav
female_sad,CREMA,1013_IEO_SAD_MD.wav
female_sad,CREMA,1013_IOM_SAD_XX.wav
female_sad,CREMA,1013_ITH_SAD_XX.wav
female_sad,CREMA,1013_ITS_SAD_XX.wav
female_sad,CREMA,1013_IWL_SAD_XX.wav
female_sad,CREMA,1013_IWW_SAD_XX.wav
female_sad,CREMA,1013_MTI_SAD_XX.wav
female_sad,CREMA,1013_TAI_SAD_XX.wav
female_sad,CREMA,1013_TIE_SAD_XX.wav
female_sad,CREMA,1013_TSI_SAD_XX.wav
female_sad,CREMA,1013_WSI_SAD_XX.wav
female_sad,CREMA,1018_DFA_SAD_XX.wav
female_sad,CREMA,1018_IEO_SAD_HI.wav
female_sad,CREMA,1018_IEO_SAD_LO.wav
female_sad,CREMA,1018_IEO_SAD_MD.wav
female_sad,CREMA,1018_IOM_SAD_XX.wav
female_sad,CREMA,1018_ITH_SAD_XX.wav
female_sad,CREMA,1018_ITS_SAD_XX.wav
female_sad,CREMA,1018_IWL_SAD_XX.wav
female_sad,CREMA,1018_IWW_SAD_XX.wav
female_sad,CREMA,1018_MTI_SAD_XX.wav
female_sad,CREMA,1018_TAI_SAD_XX.wav
female_sad,CREMA,1018_TIE_SAD_XX.wav
female_sad,CREMA,1018_TSI_SAD_XX.wav
female_sad,CREMA,1018_WSI_SAD_XX.wav
female_sad,CREMA,1020_DFA_SAD_XX.wav
female_sad,CREMA,1020_IEO_SAD_HI.wav
female_sad,CREMA,1020_IEO_SAD_LO.wav
female_sad,CREMA,1020_IEO_SAD_MD.wav
female_sad,CREMA,1020_IOM_SAD_XX.wav
female_sad,CREMA,1020_ITH_SAD_XX.wav
female_sad,CREMA,1020_ITS_SAD_XX.wav
female_sad,CREMA,1020_IWL_SAD_XX.wav
female_sad,CREMA,1020_IWW_SAD_XX.wav
female_sad,CREMA,1020_MTI_SAD_XX.wav
female_sad,CREMA,1020_TAI_SAD_XX.wav
female_sad,CREMA,1020_TIE_SAD_XX.wav
female_sad,CREMA,1020_TSI_SAD_XX.wav
female_sad,CREMA,1020_WSI_SAD_XX.wav
female_sad,CREMA,1021_DFA_SAD_XX.wav
female_sad,CREMA,1021_IEO_SAD_HI.wav
female_sad,CREMA,1021_IEO_SAD_LO.wav
female_sad,CREMA,1021_IEO_SAD_MD.wav
female_sad,CREMA,1021_IOM_SAD_XX.wav
female_sad,CREMA,1021_ITH_SAD_XX.wav
female_sad,CREMA,1021_ITS_SAD_XX.wav
female_sad,CREMA,1021_IWL_SAD_XX.wav
female_sad,CREMA,1021_IWW_SAD_XX.wav
female_sad,CREMA,1021_MTI_SAD_XX.wav
female_sad,CREMA,1021_TAI_SAD_XX.wav
female_sad,CREMA,1021_TIE_SAD_XX.wav
female_sad,CREMA,1021_TSI_SAD_XX.wav
female_sad,CREMA,1021_WSI_SAD_XX.wav
female_sad,CREMA,1024_DFA_SAD_XX.wav
female_sad,CREMA,1024_IEO_SAD_HI.wav
female_sad,CREMA,1024_IEO_SAD_LO.wav
female_sad,CREMA,1024_IEO_SAD_MD.wav
female_sad,CREMA,1024_IOM_SAD_XX.wav
female_sad,CREMA,1024_ITH_SAD_XX.wav
female_sad,CREMA,1024_ITS_SAD_XX.wav
female_sad,CREMA,1024_IWL_SAD_XX.wav
female_sad,CREMA,1024_IWW_SAD_XX.wav
female_sad,CREMA,1024_MTI_SAD_XX.wav
female_sad,CREMA,1024_TAI_SAD_XX.wav
female_sad,CREMA,1024_TIE_SAD_XX.wav
female_sad,CREMA,1024_TSI_SAD_XX.wav
female_sad,CREMA,1024_WSI_SAD_XX.wav
female_sad,CREMA,1025_DFA_SAD_XX.wav
female_sad,CREMA,1025_IEO_SAD_HI.wav
female_sad,CREMA,1025_IEO_SAD_LO.wav
female_sad,CREMA,1025_IEO_SAD_MD.wav
female_sad,CREMA,1025_IOM_SAD_XX.wav
female_sad,CREMA,1025_ITH_SAD_XX.wav
female_sad,CREMA,1025_ITS_SAD_XX.wav
female_sad,CREMA,1025_IWL_SAD_XX.wav
female_sad,CREMA,1025_IWW_SAD_XX.wav
female_sad,CREMA,1025_MTI_SAD_XX.wav
female_sad,CREMA,1025_TAI_SAD_XX.wav
female_sad,CREMA,1025_TIE_SAD_XX.wav
female_sad,CREMA,1025_TSI_SAD_XX.wav
female_sad,CREMA,1025_WSI_SAD_XX.wav
female_sad,CREMA,1028_DFA_SAD_XX.wav
female_sad,CREMA,1028_IEO_SAD_HI.wav
female_sad,CREMA,1028_IEO_SAD_LO.wav
female_sad,CREMA,1028_IEO_SAD_MD.wav
female_sad,CREMA,1028_IOM_SAD_XX.wav
female_sad,CREMA,1028_ITH_SAD_XX.wav
female_sad,CREMA,1028_ITS_SAD_XX.wav
female_sad,CREMA,1028_IWL_SAD_XX.wav
female_sad,CREMA,1028_IWW_SAD_XX.wav
female_sad,CREMA,1028_MTI_SAD_XX.wav
female_sad,CREMA,1028_TAI_SAD_XX.wav
female_sad,CREMA,1028_TIE_SAD_XX.wav
female_sad,CREMA,1028_TSI_SAD_XX.wav
female_sad,CREMA,1028_WSI_SAD_XX.wav
female_sad,CREMA,1029_DFA_SAD_XX.wav
female_sad,CREMA,1029_IEO_SAD_HI.wav
female_sad,CREMA,1029_IEO_SAD_LO.wav
female_sad,CREMA,1029_IEO_SAD_MD.wav
female_sad,CREMA,1029_IOM_SAD_XX.wav
female_sad,CREMA,1029_ITH_SAD_XX.wav
female_sad,CREMA,1029_ITS_SAD_XX.wav
female_sad,CREMA,1029_IWL_SAD_XX.wav
female_sad,CREMA,1029_IWW_SAD_XX.wav
female_sad,CREMA,1029_MTI_SAD_XX.wav
female_sad,CREMA,1029_TAI_SAD_XX.wav
female_sad,CREMA,1029_TIE_SAD_XX.wav
female_sad,CREMA,1029_TSI_SAD_XX.wav
female_sad,CREMA,1029_WSI_SAD_XX.wav
female_sad,CREMA,1030_DFA_SAD_XX.wav
female_sad,CREMA,1030_IEO_SAD_HI.wav
female_sad,CREMA,1030_IEO_SAD_LO.wav
female_sad,CREMA,1030_IEO_SAD_MD.wav
female_sad,CREMA,1030_IOM_SAD_XX.wav
female_sad,CREMA,1030_ITH_SAD_XX.wav
female_sad,CREMA,1030_ITS_SAD_XX.wav
female_sad,CREMA,1030_IWL_SAD_XX.wav
female_sad,CREMA,1030_IWW_SAD_XX.wav
female_sad,CREMA,1030_MTI_SAD_XX.wav
female_sad,CREMA,1030_TAI_SAD_XX.wav
female_sad,CREMA,1030_TIE_SAD_XX.wav
female_sad,CREMA,1030_TSI_SAD_XX.wav
female_sad,CREMA,1030_WSI_SAD_XX.wav
female_sad,CREMA,1037_DFA_SAD_XX.wav
female_sad,CREMA,1037_IEO_SAD_HI.wav
female_sad,CREMA,1037_IEO_SAD_LO.wav
female_sad,CREMA,1037_IEO_SAD_MD.wav
female_sad,CREMA,1037_IOM_SAD_XX.wav
female_sad,CREMA,1037_ITH_SAD_XX.wav
female_sad,CREMA,1037_ITS_SAD_XX.wav
female_sad,CREMA,1037_IWL_SAD_XX.wav
female_sad,CREMA,1037_IWW_SAD_XX.wav
female_sad,CREMA,1037_MTI_SAD_XX.wav
female_sad,CREMA,1037_TAI_SAD_XX.wav
female_sad,CREMA,1037_TIE_SAD_XX.wav
female_sad,CREMA,1037_TSI_SAD_XX.wav
female_sad,CREMA,1037_WSI_SAD_XX.wav
female_sad,CREMA,1043_DFA_SAD_XX.wav
female_sad,CREMA,1043_IEO_SAD_HI.wav
female_sad,CREMA,1043_IEO_SAD_LO.wav
female_sad,CREMA,1043_IEO_SAD_MD.wav
female_sad,CREMA,1043_IOM_SAD_XX.wav
female_sad,CREMA,1043_ITH_SAD_XX.wav
female_sad,CREMA,1043_ITS_SAD_XX.wav
female_sad,CREMA,1043_IWL_SAD_XX.wav
female_sad,CREMA,1043_IWW_SAD_XX.wav
female_sad,CREMA,1043_MTI_SAD_XX.wav
female_sad,CREMA,1043_TAI_SAD_XX.wav
female_sad,CREMA,1043_TIE_SAD_XX.wav
female_sad,CREMA,1043_TSI_SAD_XX.wav
female_sad,CREMA,1043_WSI_SAD_XX.wav
female_sad,CREMA,1046_DFA_SAD_XX.wav
female_sad,CREMA,1046_IEO_SAD_HI.wav
female_sad,CREMA,1046_IEO_SAD_LO.wav
female_sad,CREMA,1046_IEO_SAD_MD.wav
female_sad,CREMA,1046_IOM_SAD_XX.wav
female_sad,CREMA,1046_ITH_SAD_XX.wav
female_sad,CREMA,1046_ITS_SAD_XX.wav
female_sad,CREMA,1046_IWL_SAD_XX.wav
female_sad,CREMA,1046_IWW_SAD_XX.wav
female_sad,CREMA,1046_MTI_SAD_XX.wav
female_sad,CREMA,1046_TAI_SAD_XX.wav
female_sad,CREMA,1046_TIE_SAD_XX.wav
female_sad,CREMA,1046_TSI_SAD_XX.wav
female_sad,CREMA,1046_WSI_SAD_XX.wav
female_sad,CREMA,1047_DFA_SAD_XX.wav
female_sad,CREMA,1047_IEO_SAD_HI.wav
female_sad,CREMA,1047_IEO_SAD_LO.wav
female_sad,CREMA,1047_IEO_SAD_MD.wav
female_sad,CREMA,1047_IOM_SAD_XX.wav
female_sad,CREMA,1047_ITH_SAD_XX.wav
female_sad,CREMA,1047_ITS_SAD_XX.wav
female_sad,CREMA,1047_IWL_SAD_XX.wav
female_sad,CREMA,1047_IWW_SAD_XX.wav
female_sad,CREMA,1047_MTI_SAD_XX.wav
female_sad,CREMA,1047_TAI_SAD_XX.wav
female_sad,CREMA,1047_TIE_SAD_XX.wav
female_sad,CREMA,1047_TSI_SAD_XX.wav
female_sad,CREMA,1047_WSI_SAD_XX.wav
female_sad,CREMA,1049_DFA_SAD_XX.wav
female_sad,CREMA,1049_IEO_SAD_HI.wav
female_sad,CREMA,1049_IEO_SAD_LO.wav
female_sad,CREMA,1049_IEO_SAD_MD.wav
female_sad,CREMA,1049_IOM_SAD_XX.wav
female_sad,CREMA,1049_ITH_SAD_XX.wav
female_sad,CREMA,1049_ITS_SAD_XX.wav
female_sad,CREMA,1049_IWL_SAD_XX.wav
female_sad,CREMA,1049_IWW_SAD_XX.wav
female_sad,CREMA,1049_MTI_SAD_XX.wav
female_sad,CREMA,1049_TAI_SAD_XX.wav
female_sad,CREMA,1049_TIE_SAD_XX.wav
female_sad,CREMA,1049_TSI_SAD_XX.wav
female_sad,CREMA,1049_WSI_SAD_XX.wav
female_sad,CREMA,1052_DFA_SAD_XX.wav
female_sad,CREMA,1052_IEO_SAD_HI.wav
female_sad,CREMA,1052_IEO_SAD_LO.wav
female_sad,CREMA,1052_IEO_SAD_MD.wav
female_sad,CREMA,1052_IOM_SAD_XX.wav
female_sad,CREMA,1052_ITH_SAD_XX.wav
female_sad,CREMA,1052_ITS_SAD_XX.wav
female_sad,CREMA,1052_IWL_SAD_XX.wav
female_sad,CREMA,1052_IWW_SAD_XX.wav
female_sad,CREMA,1052_MTI_SAD_XX.wav
female_sad,CREMA,1052_TAI_SAD_XX.wav
female_sad,CREMA,1052_TIE_SAD_XX.wav
female_sad,CREMA,1052_TSI_SAD_XX.wav
female_sad,CREMA,1052_WSI_SAD_XX.wav
female_sad,CREMA,1053_DFA_SAD_XX.wav
female_sad,CREMA,1053_IEO_SAD_HI.wav
female_sad,CREMA,1053_IEO_SAD_LO.wav
female_sad,CREMA,1053_IEO_SAD_MD.wav
female_sad,CREMA,1053_IOM_SAD_XX.wav
female_sad,CREMA,1053_ITH_SAD_XX.wav
female_sad,CREMA,1053_ITS_SAD_XX.wav
female_sad,CREMA,1053_IWL_SAD_XX.wav
female_sad,CREMA,1053_IWW_SAD_XX.wav
female_sad,CREMA,1053_MTI_SAD_XX.wav
female_sad,CREMA,1053_TAI_SAD_XX.wav
female_sad,CREMA,1053_TIE_SAD_XX.wav
female_sad,CREMA,1053_TSI_SAD_XX.wav
female_sad,CREMA,1053_WSI_SAD_XX.wav
female_sad,CREMA,1054_DFA_SAD_XX.wav
female_sad,CREMA,1054_IEO_SAD_HI.wav
female_sad,CREMA,1054_IEO_SAD_LO.wav
female_sad,CREMA,1054_IEO_SAD_MD.wav
female_sad,CREMA,1054_IOM_SAD_XX.wav
female_sad,CREMA,1054_ITH_SAD_XX.wav
female_sad,CREMA,1054_ITS_SAD_XX.wav
female_sad,CREMA,1054_IWL_SAD_XX.wav
female_sad,CREMA,1054_IWW_SAD_XX.wav
female_sad,CREMA,1054_MTI_SAD_XX.wav
female_sad,CREMA,1054_TAI_SAD_XX.wav
female_sad,CREMA,1054_TIE_SAD_XX.wav
female_sad,CREMA,1054_TSI_SAD_XX.wav
female_sad,CREMA,1054_WSI_SAD_XX.wav
female_sad,CREMA,1055_DFA_SAD_XX.wav
female_sad,CREMA,1055_IEO_SAD_HI.wav
female_sad,CREMA,1055_IEO_SAD_LO.wav
female_sad,CREMA,1055_IEO_SAD_MD.wav
female_sad,CREMA,1055_IOM_SAD_XX.wav
female_sad,CREMA,1055_ITH_SAD_XX.wav
female_sad,CREMA,1055_ITS_SAD_XX.wav
female_sad,CREMA,1055_IWL_SAD_XX.wav
female_sad,CREMA,1055_IWW_SAD_XX.wav
female_sad,CREMA,1055_MTI_SAD_XX.wav
female_sad,CREMA,1055_TAI_SAD_XX.wav
female_sad,CREMA,1055_TIE_SAD_XX.wav
female_sad,CREMA,1055_TSI_SAD_XX.wav
female_sad,CREMA,1055_WSI_SAD_XX.wav
female_sad,CREMA,1056_DFA_SAD_XX.wav
female_sad,CREMA,1056_IEO_SAD_HI.wav
female_sad,CREMA,1056_IEO_SAD_LO.wav
female_sad,CREMA,1056_IEO_SAD_MD.wav
female_sad,CREMA,1056_IOM_SAD_XX.wav
female_sad,CREMA,1056_ITH_SAD_XX.wav
female_sad,CREMA,1056_ITS_SAD_XX.wav
female_sad,CREMA,1056_IWL_SAD_XX.wav
female_sad,CREMA,1056_IWW_SAD_XX.wav
female_sad,CREMA,1056_MTI_SAD_XX.wav
female_sad,CREMA,1056_TAI_SAD_XX.wav
female_sad,CREMA,1056_TIE_SAD_XX.wav
female_sad,CREMA,1056_TSI_SAD_XX.wav
female_sad,CREMA,1056_WSI_SAD_XX.wav
female_sad,CREMA,1058_DFA_SAD_XX.wav
female_sad,CREMA,1058_IEO_SAD_HI.wav
female_sad,CREMA,1058_IEO_SAD_LO.wav
female_sad,CREMA,1058_IEO_SAD_MD.wav
female_sad,CREMA,1058_IOM_SAD_XX.wav
female_sad,CREMA,1058_ITH_SAD_XX.wav
female_sad,CREMA,1058_ITS_SAD_XX.wav
female_sad,CREMA,1058_IWL_SAD_XX.wav
female_sad,CREMA,1058_IWW_SAD_XX.wav
female_sad,CREMA,1058_MTI_SAD_XX.wav
female_sad,CREMA,1058_TAI_SAD_XX.wav
female_sad,CREMA,1058_TIE_SAD_XX.wav
female_sad,CREMA,1058_TSI_SAD_XX.wav
female_sad,CREMA,1058_WSI_SAD_XX.wav
female_sad,CREMA,1060_DFA_SAD_XX.wav
female_sad,CREMA,1060_IEO_SAD_HI.wav
female_sad,CREMA,1060_IEO_SAD_LO.wav
female_sad,CREMA,1060_IEO_SAD_MD.wav
female_sad,CREMA,1060_IOM_SAD_XX.wav
female_sad,CREMA,1060_ITH_SAD_XX.wav
female_sad,CREMA,1060_ITS_SAD_XX.wav
female_sad,CREMA,1060_IWL_SAD_XX.wav
female_sad,CREMA,1060_IWW_SAD_XX.wav
female_sad,CREMA,1060_MTI_SAD_XX.wav
female_sad,CREMA,1060_TAI_SAD_XX.wav
female_sad,CREMA,1060_TIE_SAD_XX.wav
female_sad,CREMA,1060_TSI_SAD_XX.wav
female_sad,CREMA,1060_WSI_SAD_XX.wav
female_sad,CREMA,1061_DFA_SAD_XX.wav
female_sad,CREMA,1061_IEO_SAD_HI.wav
female_sad,CREMA,1061_IEO_SAD_LO.wav
female_sad,CREMA,1061_IEO_SAD_MD.wav
female_sad,CREMA,1061_IOM_SAD_XX.wav
female_sad,CREMA,1061_ITH_SAD_XX.wav
female_sad,CREMA,1061_ITS_SAD_XX.wav
female_sad,CREMA,1061_IWL_SAD_XX.wav
female_sad,CREMA,1061_IWW_SAD_XX.wav
female_sad,CREMA,1061_MTI_SAD_XX.wav
female_sad,CREMA,1061_TAI_SAD_XX.wav
female_sad,CREMA,1061_TIE_SAD_XX.wav
female_sad,CREMA,1061_TSI_SAD_XX.wav
female_sad,CREMA,1061_WSI_SAD_XX.wav
female_sad,CREMA,1063_DFA_SAD_XX.wav
female_sad,CREMA,1063_IEO_SAD_HI.wav
female_sad,CREMA,1063_IEO_SAD_LO.wav
female_sad,CREMA,1063_IEO_SAD_MD.wav
female_sad,CREMA,1063_IOM_SAD_XX.wav
female_sad,CREMA,1063_ITH_SAD_XX.wav
female_sad,CREMA,1063_ITS_SAD_XX.wav
female_sad,CREMA,1063_IWL_SAD_XX.wav
female_sad,CREMA,1063_IWW_SAD_XX.wav
female_sad,CREMA,1063_MTI_SAD_XX.wav
female_sad,CREMA,1063_TAI_SAD_XX.wav
female_sad,CREMA,1063_TIE_SAD_XX.wav
female_sad,CREMA,1063_TSI_SAD_XX.wav
female_sad,CREMA,1063_WSI_SAD_XX.wav
female_sad,CREMA,1072_DFA_SAD_XX.wav
female_sad,CREMA,1072_IEO_SAD_HI.wav
female_sad,CREMA,1072_IEO_SAD_LO.wav
female_sad,CREMA,1072_IEO_SAD_MD.wav
female_sad,CREMA,1072_IOM_SAD_XX.wav
female_sad,CREMA,1072_ITH_SAD_XX.wav
female_sad,CREMA,1072_ITS_SAD_XX.wav
female_sad,CREMA,1072_IWL_SAD_XX.wav
female_sad,CREMA,1072_IWW_SAD_XX.wav
female_sad,CREMA,1072_MTI_SAD_XX.wav
female_sad,CREMA,1072_TAI_SAD_XX.wav
female_sad,CREMA,1072_TIE_SAD_XX.wav
female_sad,CREMA,1072_TSI_SAD_XX.wav
female_sad,CREMA,1072_WSI_SAD_XX.wav
female_sad,CREMA,1073_DFA_SAD_XX.wav
female_sad,CREMA,1073_IEO_SAD_HI.wav
female_sad,CREMA,1073_IEO_SAD_LO.wav
female_sad,CREMA,1073_IEO_SAD_MD.wav
female_sad,CREMA,1073_IOM_SAD_XX.wav
female_sad,CREMA,1073_ITH_SAD_XX.wav
female_sad,CREMA,1073_ITS_SAD_XX.wav
female_sad,CREMA,1073_IWL_SAD_XX.wav
female_sad,CREMA,1073_IWW_SAD_XX.wav
female_sad,CREMA,1073_MTI_SAD_XX.wav
female_sad,CREMA,1073_TAI_SAD_XX.wav
female_sad,CREMA,1073_TIE_SAD_XX.wav
female_sad,CREMA,1073_TSI_SAD_XX.wav
female_sad,CREMA,1073_WSI_SAD_XX.wav
female_sad,CREMA,1074_DFA_SAD_XX.wav
female_sad,CREMA,1074_IEO_SAD_HI.wav
female_sad,CREMA,1074_IEO_SAD_LO.wav
female_sad,CREMA,1074_IEO_SAD_MD.wav
female_sad,CREMA,1074_IOM_SAD_XX.wav
female_sad,CREMA,1074_ITH_SAD_XX.wav
female_sad,CREMA,1074_ITS_SAD_XX.wav
female_sad,CREMA,1074_IWL_SAD_XX.wav
female_sad,CREMA,1074_IWW_SAD_XX.wav
female_sad,CREMA,1074_MTI_SAD_XX.wav
female_sad,CREMA,1074_TAI_SAD_XX.wav
female_sad,CREMA,1074_TIE_SAD_XX.wav
female_sad,CREMA,1074_TSI_SAD_XX.wav
female_sad,CREMA,1074_WSI_SAD_XX.wav
female_sad,CREMA,1075_DFA_SAD_XX.wav
female_sad,CREMA,1075_IEO_SAD_HI.wav
female_sad,CREMA,1075_IEO_SAD_LO.wav
female_sad,CREMA,1075_IEO_SAD_MD.wav
female_sad,CREMA,1075_IOM_SAD_XX.wav
female_sad,CREMA,1075_ITH_SAD_XX.wav
female_sad,CREMA,1075_ITS_SAD_XX.wav
female_sad,CREMA,1075_IWL_SAD_XX.wav
female_sad,CREMA,1075_IWW_SAD_XX.wav
female_sad,CREMA,1075_MTI_SAD_XX.wav
female_sad,CREMA,1075_TAI_SAD_XX.wav
female_sad,CREMA,1075_TIE_SAD_XX.wav
female_sad,CREMA,1075_TSI_SAD_XX.wav
female_sad,CREMA,1075_WSI_SAD_XX.wav
female_sad,CREMA,1076_DFA_SAD_XX.wav
female_sad,CREMA,1076_IEO_SAD_HI.wav
female_sad,CREMA,1076_IEO_SAD_LO.wav
female_sad,CREMA,1076_IEO_SAD_MD.wav
female_sad,CREMA,1076_IOM_SAD_XX.wav
female_sad,CREMA,1076_ITH_SAD_XX.wav
female_sad,CREMA,1076_ITS_SAD_XX.wav
female_sad,CREMA,1076_IWL_SAD_XX.wav
female_sad,CREMA,1076_IWW_SAD_XX.wav
female_sad,CREMA,1076_MTI_SAD_XX.wav
female_sad,CREMA,1076_TAI_SAD_XX.wav
female_sad,CREMA,1076_TIE_SAD_XX.wav
female_sad,CREMA,1076_TSI_SAD_XX.wav
female_sad,CREMA,1076_WSI_SAD_XX.wav
female_sad,CREMA,1078_DFA_SAD_XX.wav
female_sad,CREMA,1078_IEO_SAD_HI.wav
female_sad,CREMA,1078_IEO_SAD_LO.wav
female_sad,CREMA,1078_IEO_SAD_MD.wav
female_sad,CREMA,1078_IOM_SAD_XX.wav
female_sad,CREMA,1078_ITH_SAD_XX.wav
female_sad,CREMA,1078_ITS_SAD_XX.wav
female_sad,CREMA,1078_IWL_SAD_XX.wav
female_sad,CREMA,1078_IWW_SAD_XX.wav
female_sad,CREMA,1078_MTI_SAD_XX.wav
female_sad,CREMA,1078_TAI_SAD_XX.wav
female_sad,CREMA,1078_TIE_SAD_XX.wav
female_sad,CREMA,1078_TSI_SAD_XX.wav
female_sad,CREMA,1078_WSI_SAD_XX.wav
female_sad,CREMA,1079_DFA_SAD_XX.wav
female_sad,CREMA,1079_IEO_SAD_HI.wav
female_sad,CREMA,1079_IEO_SAD_LO.wav
female_sad,CREMA,1079_IEO_SAD_MD.wav
female_sad,CREMA,1079_IOM_SAD_XX.wav
female_sad,CREMA,1079_ITH_SAD_XX.wav
female_sad,CREMA,1079_ITS_SAD_XX.wav
female_sad,CREMA,1079_IWL_SAD_XX.wav
female_sad,CREMA,1079_IWW_SAD_XX.wav
female_sad,CREMA,1079_MTI_SAD_XX.wav
female_sad,CREMA,1079_TAI_SAD_XX.wav
female_sad,CREMA,1079_TIE_SAD_XX.wav
female_sad,CREMA,1079_TSI_SAD_XX.wav
female_sad,CREMA,1079_WSI_SAD_XX.wav
female_sad,CREMA,1082_DFA_SAD_XX.wav
female_sad,CREMA,1082_IEO_SAD_HI.wav
female_sad,CREMA,1082_IEO_SAD_LO.wav
female_sad,CREMA,1082_IEO_SAD_MD.wav
female_sad,CREMA,1082_IOM_SAD_XX.wav
female_sad,CREMA,1082_ITH_SAD_XX.wav
female_sad,CREMA,1082_ITS_SAD_XX.wav
female_sad,CREMA,1082_IWL_SAD_XX.wav
female_sad,CREMA,1082_IWW_SAD_XX.wav
female_sad,CREMA,1082_MTI_SAD_XX.wav
female_sad,CREMA,1082_TAI_SAD_XX.wav
female_sad,CREMA,1082_TIE_SAD_XX.wav
female_sad,CREMA,1082_TSI_SAD_XX.wav
female_sad,CREMA,1082_WSI_SAD_XX.wav
female_sad,CREMA,1084_DFA_SAD_XX.wav
female_sad,CREMA,1084_IEO_SAD_HI.wav
female_sad,CREMA,1084_IEO_SAD_LO.wav
female_sad,CREMA,1084_IEO_SAD_MD.wav
female_sad,CREMA,1084_IOM_SAD_XX.wav
female_sad,CREMA,1084_ITH_SAD_XX.wav
female_sad,CREMA,1084_ITS_SAD_XX.wav
female_sad,CREMA,1084_IWL_SAD_XX.wav
female_sad,CREMA,1084_IWW_SAD_XX.wav
female_sad,CREMA,1084_MTI_SAD_XX.wav
female_sad,CREMA,1084_TAI_SAD_XX.wav
female_sad,CREMA,1084_TIE_SAD_XX.wav
female_sad,CREMA,1084_TSI_SAD_XX.wav
female_sad,CREMA,1084_WSI_SAD_XX.wav
female_sad,CREMA,1089_DFA_SAD_XX.wav
female_sad,CREMA,1089_IEO_SAD_HI.wav
female_sad,CREMA,1089_IEO_SAD_LO.wav
female_sad,CREMA,1089_IEO_SAD_MD.wav
female_sad,CREMA,1089_IOM_SAD_XX.wav
female_sad,CREMA,1089_ITH_SAD_XX.wav
female_sad,CREMA,1089_ITS_SAD_XX.wav
female_sad,CREMA,1089_IWL_SAD_XX.wav
female_sad,CREMA,1089_IWW_SAD_XX.wav
female_sad,CREMA,1089_MTI_SAD_XX.wav
female_sad,CREMA,1089_TAI_SAD_XX.wav
female_sad,CREMA,1089_TIE_SAD_XX.wav
female_sad,CREMA,1089_TSI_SAD_XX.wav
female_sad,CREMA,1089_WSI_SAD_XX.wav
female_sad,CREMA,1091_DFA_SAD_XX.wav
female_sad,CREMA,1091_IEO_SAD_HI.wav
female_sad,CREMA,1091_IEO_SAD_LO.wav
female_sad,CREMA,1091_IEO_SAD_MD.wav
female_sad,CREMA,1091_IOM_SAD_XX.wav
female_sad,CREMA,1091_ITH_SAD_XX.wav
female_sad,CREMA,1091_ITS_SAD_XX.wav
female_sad,CREMA,1091_IWL_SAD_XX.wav
female_sad,CREMA,1091_IWW_SAD_XX.wav
female_sad,CREMA,1091_MTI_SAD_XX.wav
female_sad,CREMA,1091_TAI_SAD_XX.wav
female_sad,CREMA,1091_TIE_SAD_XX.wav
female_sad,CREMA,1091_TSI_SAD_XX.wav
female_sad,CREMA,1091_WSI_SAD_XX.wav
